議題,關鍵字,關聯詞彙,關聯程度
智慧世界的學習與工作,智慧,科技,0.9883
智慧世界的學習與工作,智慧,商機,0.9863
智慧世界的學習與工作,智慧,AI,0.9811
智慧世界的學習與工作,智慧,聯網,0.9809
智慧世界的學習與工作,智慧,機器人,0.9786
智慧世界的學習與工作,智慧,創新,0.9772
智慧世界的學習與工作,智慧,數位,0.9732
智慧世界的學習與工作,智慧,人工智慧,0.973
智慧世界的學習與工作,智慧,開發,0.9699
智慧世界的學習與工作,智慧,雲端,0.9652
智慧世界的學習與工作,智慧,生活,0.964
智慧世界的學習與工作,智慧,未來,0.9636
智慧世界的學習與工作,智慧,趨勢,0.9624
智慧世界的學習與工作,智慧,大陸,0.9618
智慧世界的學習與工作,智慧,Uber,0.9613
智慧世界的學習與工作,智慧,共享,0.9597
智慧世界的學習與工作,智慧,智能,0.9593
智慧世界的學習與工作,智慧,時代,0.9589
智慧世界的學習與工作,智慧,蘋果,0.9579
智慧世界的學習與工作,智慧,新創,0.9577
智慧世界的學習與工作,智慧,日本,0.9572
智慧世界的學習與工作,智慧,創業,0.9555
智慧世界的學習與工作,智慧,人類,0.9555
智慧世界的學習與工作,世界,收視,0.9978
智慧世界的學習與工作,世界,併購,0.9973
智慧世界的學習與工作,世界,理論,0.9973
智慧世界的學習與工作,世界,遊戲,0.9971
智慧世界的學習與工作,世界,IBM,0.9971
智慧世界的學習與工作,世界,家電,0.9971
智慧世界的學習與工作,世界,科大,0.9969
智慧世界的學習與工作,世界,廣告,0.9969
智慧世界的學習與工作,世界,銀行,0.9968
智慧世界的學習與工作,世界,北京,0.9967
智慧世界的學習與工作,世界,職場,0.9967
智慧世界的學習與工作,世界,VR,0.9967
智慧世界的學習與工作,世界,戰略,0.9967
智慧世界的學習與工作,世界,競賽,0.9966
智慧世界的學習與工作,世界,影像,0.9965
智慧世界的學習與工作,世界,需求,0.9964
智慧世界的學習與工作,世界,晶片,0.9964
智慧世界的學習與工作,世界,上線,0.9964
智慧世界的學習與工作,智能,生活,0.9897
智慧世界的學習與工作,智能,數位,0.9844
智慧世界的學習與工作,智能,研華,0.9801
智慧世界的學習與工作,智能,未來,0.9785
智慧世界的學習與工作,智能,人類,0.9766
智慧世界的學習與工作,智能,工業,0.9739
智慧世界的學習與工作,智能,日本,0.9734
智慧世界的學習與工作,智能,趨勢,0.9729
智慧世界的學習與工作,智能,AlphaGo,0.9728
智慧世界的學習與工作,智能,裝置,0.9719
智慧世界的學習與工作,智能,行動,0.9711
智慧世界的學習與工作,智能,設計,0.9711
智慧世界的學習與工作,智能,大陸,0.9698
智慧世界的學習與工作,智能,聯網,0.9694
智慧世界的學習與工作,智能,新創,0.9693
智慧世界的學習與工作,智能,商機,0.9693
智慧世界的學習與工作,智能,蘋果,0.969
智慧世界的學習與工作,智能,情報,0.9687
智慧世界的學習與工作,智能,谷歌,0.9687
智慧世界的學習與工作,智能,手機,0.9684
智慧世界的學習與工作,智能,棋王,0.968
智慧世界的學習與工作,智能,科技,0.9676
智慧世界的學習與工作,智能,學習,0.9672
智慧世界的學習與工作,智能,無人,0.9671
智慧世界的學習與工作,智能,豐田,0.9667
智慧世界的學習與工作,生活,智能,0.9897
智慧世界的學習與工作,生活,數位,0.9791
智慧世界的學習與工作,生活,未來,0.9724
智慧世界的學習與工作,生活,商機,0.9719
智慧世界的學習與工作,生活,科技,0.9713
智慧世界的學習與工作,生活,聯網,0.9692
智慧世界的學習與工作,生活,研華,0.9686
智慧世界的學習與工作,生活,裝置,0.9668
智慧世界的學習與工作,生活,日本,0.9666
智慧世界的學習與工作,生活,開發,0.9664
智慧世界的學習與工作,生活,工業,0.9661
智慧世界的學習與工作,生活,人類,0.966
智慧世界的學習與工作,生活,行動,0.9658
智慧世界的學習與工作,生活,趨勢,0.9656
智慧世界的學習與工作,生活,智慧,0.964
智慧世界的學習與工作,生活,技術,0.964
智慧世界的學習與工作,生活,雲端,0.9628
智慧世界的學習與工作,生活,新創,0.9626
智慧世界的學習與工作,生活,創新,0.9624
智慧世界的學習與工作,生活,專欄,0.9622
智慧世界的學習與工作,生活,大陸,0.9621
智慧世界的學習與工作,生活,時代,0.9614
智慧世界的學習與工作,生活,蘋果,0.9613
智慧世界的學習與工作,生活,情報,0.9612
智慧世界的學習與工作,生活,應用,0.9611
智慧世界的學習與工作,生活,手機,0.9609
智慧世界的學習與工作,生活,AI,0.9606
智慧世界的學習與工作,人工智慧,人工智慧,1
智慧世界的學習與工作,人工智慧,機器人,0.9893
智慧世界的學習與工作,人工智慧,AI,0.9785
智慧世界的學習與工作,人工智慧,科技,0.9753
智慧世界的學習與工作,人工智慧,技術,0.9742
智慧世界的學習與工作,人工智慧,智慧,0.973
智慧世界的學習與工作,人工智慧,共享,0.9602
智慧世界的學習與工作,人工智慧,商機,0.9531
智慧世界的學習與工作,人工智慧,數位,0.9494
智慧世界的學習與工作,人工智慧,開發,0.9493
智慧世界的學習與工作,人工智慧,聯網,0.9479
智慧世界的學習與工作,人工智慧,Uber,0.9472
智慧世界的學習與工作,人工智慧,創新,0.9469
智慧世界的學習與工作,人工智慧,經濟,0.9451
智慧世界的學習與工作,人工智慧,市場,0.9442
智慧世界的學習與工作,人工智慧,專欄,0.9416
智慧世界的學習與工作,人工智慧,人類,0.9376
智慧世界的學習與工作,人工智慧,電腦,0.9366
智慧世界的學習與工作,人工智慧,AlphaGo,0.9341
智慧世界的學習與工作,人工智慧,大陸,0.933
智慧世界的學習與工作,人工智慧,未來,0.933
智慧世界的學習與工作,人工智慧,生活,0.9325
智慧世界的學習與工作,人工智慧,智能,0.9317
智慧世界的學習與工作,人工智慧,雲端,0.9276
智慧世界的學習與工作,人工智慧,蘋果,0.9254
全球化挑戰的新管理形式,全球,管理,0.974
全球化挑戰的新管理形式,全球,台北,0.9627
全球化挑戰的新管理形式,全球,時代,0.9602
全球化挑戰的新管理形式,全球,成長,0.9597
全球化挑戰的新管理形式,全球,領袖,0.9592
全球化挑戰的新管理形式,全球,市場,0.9582
全球化挑戰的新管理形式,全球,聯網,0.9582
全球化挑戰的新管理形式,全球,經理人,0.9581
全球化挑戰的新管理形式,全球,創新,0.9566
全球化挑戰的新管理形式,全球,移動,0.9565
全球化挑戰的新管理形式,全球,金融,0.955
全球化挑戰的新管理形式,全球,顧問,0.9549
全球化挑戰的新管理形式,全球,挑戰,0.9545
全球化挑戰的新管理形式,全球,商機,0.954
全球化挑戰的新管理形式,全球,趨勢,0.954
全球化挑戰的新管理形式,全球,跨國,0.9539
全球化挑戰的新管理形式,全球,創投,0.9539
全球化挑戰的新管理形式,全球,合作,0.9535
全球化挑戰的新管理形式,全球,創業,0.9529
全球化挑戰的新管理形式,全球,Airbnb,0.9522
全球化挑戰的新管理形式,全球,億美元,0.9521
全球化挑戰的新管理形式,全球,整合,0.9515
全球化挑戰的新管理形式,全球,服務,0.9503
全球化挑戰的新管理形式,全球,掌握,0.95
全球化挑戰的新管理形式,全球,專家,0.9493
全球化挑戰的新管理形式,全球,新創,0.9491
全球化挑戰的新管理形式,管理,管理,1
全球化挑戰的新管理形式,管理,領袖,0.975
全球化挑戰的新管理形式,管理,全球,0.974
全球化挑戰的新管理形式,管理,論壇,0.969
全球化挑戰的新管理形式,管理,顧問,0.968
全球化挑戰的新管理形式,管理,台北,0.9671
全球化挑戰的新管理形式,管理,跨國,0.9575
全球化挑戰的新管理形式,管理,挑戰,0.9571
全球化挑戰的新管理形式,管理,資源,0.956
全球化挑戰的新管理形式,管理,資產,0.9526
全球化挑戰的新管理形式,管理,策略,0.9517
全球化挑戰的新管理形式,管理,投入,0.9512
全球化挑戰的新管理形式,管理,經理人,0.9506
全球化挑戰的新管理形式,管理,知識,0.9497
全球化挑戰的新管理形式,管理,亞洲,0.9492
全球化挑戰的新管理形式,管理,境外,0.9487
全球化挑戰的新管理形式,管理,導入,0.9486
全球化挑戰的新管理形式,管理,能力,0.9477
全球化挑戰的新管理形式,管理,人才,0.9477
全球化挑戰的新管理形式,管理,哥本哈根,0.9474
全球化挑戰的新管理形式,管理,國際,0.9467
全球化挑戰的新管理形式,管理,產官,0.9466
全球化挑戰的新管理形式,管理,卓越,0.9466
全球化挑戰的新管理形式,管理,中華,0.9464
全球化挑戰的新管理形式,管理,服務,0.9462
全球化挑戰的新管理形式,管理,社群,0.9462
全球化挑戰的新管理形式,管理,能夠,0.9458
全球化挑戰的新管理形式,管理,全球化,0.9454
全球化挑戰的新管理形式,管理,事業,0.9449
全球化挑戰的新管理形式,挑戰,跨國,0.9931
全球化挑戰的新管理形式,挑戰,面臨,0.9925
全球化挑戰的新管理形式,挑戰,面對,0.9922
全球化挑戰的新管理形式,挑戰,策略,0.9916
全球化挑戰的新管理形式,挑戰,人才,0.9915
全球化挑戰的新管理形式,挑戰,資源,0.9915
全球化挑戰的新管理形式,挑戰,電商,0.9914
全球化挑戰的新管理形式,挑戰,多元,0.9913
全球化挑戰的新管理形式,挑戰,共同,0.9912
全球化挑戰的新管理形式,挑戰,產官,0.991
全球化挑戰的新管理形式,挑戰,虛擬,0.991
全球化挑戰的新管理形式,挑戰,顧問,0.991
全球化挑戰的新管理形式,挑戰,資產,0.991
全球化挑戰的新管理形式,挑戰,高階,0.9907
全球化挑戰的新管理形式,挑戰,英特爾,0.9907
全球化挑戰的新管理形式,挑戰,法規,0.9906
全球化挑戰的新管理形式,挑戰,百大,0.9906
全球化挑戰的新管理形式,挑戰,總經理,0.9906
全球化挑戰的新管理形式,挑戰,業務,0.9905
全球化挑戰的新管理形式,挑戰,經理人,0.9904
全球化挑戰的新管理形式,挑戰,知識,0.9904
全球化挑戰的新管理形式,挑戰,團隊,0.9903
全球化挑戰的新管理形式,挑戰,社群,0.9903
全球化挑戰的新管理形式,挑戰,優勢,0.9902
全球化挑戰的新管理形式,挑戰,建構,0.9901
地方永續發展,地方,舉行,0.9941
地方永續發展,地方,輔導,0.9929
地方永續發展,地方,治理,0.9928
地方永續發展,地方,分享,0.9919
地方永續發展,地方,卓越,0.9915
地方永續發展,地方,服務業,0.9915
地方永續發展,地方,研討,0.9914
地方永續發展,地方,經驗,0.9913
地方永續發展,地方,概念,0.9913
地方永續發展,地方,立法,0.9912
地方永續發展,地方,學者,0.9911
地方永續發展,地方,價值,0.9908
地方永續發展,地方,通訊,0.9907
地方永續發展,地方,探討,0.9907
地方永續發展,地方,積極,0.9906
地方永續發展,地方,協助,0.9903
地方永續發展,地方,接軌,0.99
地方永續發展,地方,會議,0.99
地方永續發展,地方,環境,0.99
地方永續發展,地方,說明會,0.9899
地方永續發展,地方,全方位,0.9899
地方永續發展,地方,相關,0.9899
地方永續發展,地方,獻策,0.9898
地方永續發展,地方,國是會議,0.9897
地方永續發展,地方,契機,0.9897
地方永續發展,地方,全國,0.9896
地方永續發展,永續,永續,1
地方永續發展,永續,企業,0.9963
地方永續發展,永續,報告,0.9835
地方永續發展,永續,台灣,0.9656
地方永續發展,永續,能源,0.9247
地方永續發展,永續,CSR,0.919
地方永續發展,永續,經營,0.9114
地方永續發展,永續,報名,0.8942
地方永續發展,永續,菁英,0.8831
地方永續發展,永續,研究,0.8799
地方永續發展,永續,氣候變遷,0.8697
地方永續發展,永續,繪畫,0.8681
地方永續發展,永續,社會,0.8659
地方永續發展,永續,誠信,0.8642
地方永續發展,永續,頒獎,0.8585
地方永續發展,永續,基金會,0.8511
地方永續發展,永續,建商,0.8494
地方永續發展,永續,中信,0.8429
地方永續發展,永續,培訓班,0.8379
地方永續發展,永續,新光,0.837
地方永續發展,永續,TCSA,0.8314
地方永續發展,永續,揭露,0.8202
地方永續發展,永續,鼓勵,0.8093
地方永續發展,永續,品質,0.8086
地方永續發展,永續,責任,0.8073
地方永續發展,永續,比賽,0.8066
地方永續發展,發展,榮獲,0.9951
地方永續發展,發展,活動,0.9947
地方永續發展,發展,支持,0.9946
地方永續發展,發展,專業,0.9946
地方永續發展,發展,學校,0.9944
地方永續發展,發展,單位,0.9944
地方永續發展,發展,關注,0.9944
地方永續發展,發展,經驗,0.9942
地方永續發展,發展,概念,0.994
地方永續發展,發展,綠能,0.994
地方永續發展,發展,優質,0.9939
地方永續發展,發展,開課,0.9939
地方永續發展,發展,實務,0.9937
地方永續發展,發展,獻策,0.9937
地方永續發展,發展,環境,0.9935
地方永續發展,發展,瓦斯,0.9933
地方永續發展,發展,GDP,0.9933
地方永續發展,發展,研習會,0.9933
地方永續發展,發展,集團,0.9932
地方永續發展,發展,人壽,0.9931
地方永續發展,發展,服務團,0.9931
地方永續發展,發展,揭曉,0.993
地方永續發展,台灣,報告,0.9922
地方永續發展,台灣,CSR,0.9822
地方永續發展,台灣,能源,0.9756
地方永續發展,台灣,經營,0.9752
地方永續發展,台灣,企業,0.9719
地方永續發展,台灣,菁英,0.9691
地方永續發展,台灣,永續,0.9656
地方永續發展,台灣,氣候變遷,0.9593
地方永續發展,台灣,研究,0.9592
地方永續發展,台灣,繪畫,0.9581
地方永續發展,台灣,誠信,0.9563
地方永續發展,台灣,社會,0.956
地方永續發展,台灣,報名,0.9527
地方永續發展,台灣,中信,0.9467
地方永續發展,台灣,建商,0.9466
地方永續發展,台灣,基金會,0.9462
地方永續發展,台灣,培訓班,0.9425
地方永續發展,台灣,頒獎,0.9396
地方永續發展,台灣,TCSA,0.9392
地方永續發展,台灣,新光,0.9376
地方永續發展,台灣,鼓勵,0.9234
地方永續發展,台灣,品質,0.9226
地方永續發展,台灣,比賽,0.9223
地方永續發展,台灣,責任,0.9218
共享經濟,共享,經濟,0.9937
共享經濟,共享,Uber,0.9898
共享經濟,共享,科技,0.9755
共享經濟,共享,創新,0.9696
共享經濟,共享,AI,0.9669
共享經濟,共享,市場,0.9627
共享經濟,共享,人工智慧,0.9602
共享經濟,共享,智慧,0.9597
共享經濟,共享,專欄,0.9594
共享經濟,共享,聯網,0.9585
共享經濟,共享,Airbnb,0.9577
共享經濟,共享,專家,0.9542
共享經濟,共享,商機,0.9527
共享經濟,共享,數位,0.9526
共享經濟,共享,時代,0.9526
共享經濟,共享,機器人,0.9513
共享經濟,共享,未來,0.9512
共享經濟,共享,技術,0.9502
共享經濟,共享,大陸,0.9496
共享經濟,共享,創業,0.9467
共享經濟,共享,共乘,0.9459
共享經濟,共享,網路,0.9458
共享經濟,共享,成長,0.9446
共享經濟,共享,趨勢,0.9439
共享經濟,經濟,共享,0.9937
共享經濟,經濟,Uber,0.9764
共享經濟,經濟,科技,0.9584
共享經濟,經濟,創新,0.9516
共享經濟,經濟,人工智慧,0.9451
共享經濟,經濟,AI,0.9436
共享經濟,經濟,市場,0.9398
共享經濟,經濟,智慧,0.9376
共享經濟,經濟,Airbnb,0.9345
共享經濟,經濟,聯網,0.9336
共享經濟,經濟,億美元,0.9316
共享經濟,經濟,機器人,0.931
共享經濟,經濟,專家,0.9294
共享經濟,經濟,商機,0.9287
共享經濟,經濟,時代,0.9282
共享經濟,經濟,名家,0.9269
共享經濟,經濟,未來,0.9259
共享經濟,經濟,數位,0.9252
共享經濟,經濟,技術,0.9252
共享經濟,經濟,大陸,0.9213
共享經濟,經濟,創業,0.9198
共享經濟,經濟,共乘,0.9196
共享經濟,經濟,網路,0.9189
共享經濟,經濟,成長,0.9189
共享經濟,經濟,社論,0.9171
共享經濟,自由,應用,0.9706
共享經濟,自由,成果,0.9661
共享經濟,自由,產業,0.9575
共享經濟,自由,發表,0.9518
共享經濟,自由,Linux,0.9506
共享經濟,自由,五金,0.9449
共享經濟,自由,再生,0.9423
共享經濟,自由,新聞,0.9412
共享經濟,自由,雲端,0.9398
共享經濟,自由,系統,0.9388
共享經濟,自由,商業,0.9383
共享經濟,自由,加速,0.9383
共享經濟,自由,硬體,0.9382
共享經濟,自由,領域,0.9378
共享經濟,自由,進軍,0.9378
共享經濟,自由,資策,0.9377
共享經濟,自由,專利,0.9373
共享經濟,自由,展示,0.9373
共享經濟,自由,方法,0.9358
共享經濟,自由,分析,0.9357
共享經濟,自由,產值,0.9352
共享經濟,自由,行動,0.935
共享經濟,自由,數據,0.9348
共享經濟,自由,通訊,0.9344
共享經濟,軟體,自由,0.9064
共享經濟,軟體,應用,0.8346
共享經濟,軟體,產業,0.8245
共享經濟,軟體,成果,0.8041
共享經濟,軟體,城鄉,0.7961
共享經濟,軟體,開發,0.779
共享經濟,軟體,Linux,0.7615
共享經濟,軟體,技術,0.7612
共享經濟,軟體,雲端,0.7608
共享經濟,軟體,支援,0.7555
共享經濟,軟體,五金,0.7536
共享經濟,軟體,商機,0.7526
共享經濟,軟體,行動,0.7461
共享經濟,軟體,再生,0.7455
共享經濟,軟體,新聞,0.7442
共享經濟,軟體,系統,0.7424
共享經濟,軟體,數據,0.7402
共享經濟,軟體,工業,0.7396
共享經濟,軟體,加速,0.7388
共享經濟,軟體,進軍,0.7359
共享經濟,軟體,領域,0.7358
共享經濟,軟體,產值,0.7351
共享經濟,軟體,聯網,0.7351
共享經濟,軟體,商業,0.7346
共享經濟,軟體,分析,0.7344
